{"feature_0": 0.1260610717890788, "feature_1": 0.0689965921963521, "feature_2": 0.03361502918623499, "feature_3": 0.01644459864858812, "feature_4": 0.06275868519368641, "feature_5": 0.04502593129691956, "feature_6": 0.019874187283168556, "feature_7": 0.03831807016232887, "feature_8": 0.014064869517228377, "feature_9": 0.014063109534387637, "feature_10": 0.041175913603083876, "feature_11": 0.0320787046827588, "feature_12": 0.03076005762522379, "feature_13": 0.015496402018313064, "feature_14": 0.011532667621789111, "feature_15": 0.030961690625849858, "feature_16": 0.07637347870508326, "feature_17": 0.015308278187712542, "feature_18": 0.016374414495171373, "feature_19": 0.021462152486774532, "feature_20": 0.016333070532111228, "feature_21": 0.011992985091912958, "feature_22": 0.017973514561393452, "feature_23": 0.02830478510812743, "feature_24": 0.014944125929595056, "feature_25": 0.06556878097858579, "feature_26": 0.01392903587615133, "feature_27": 0.050592662545889705, "feature_28": 0.013115681783264933, "feature_29": 0.036499452733234475}