{"feature_0": 0.03141856013045078, "feature_1": 0.011541800319774566, "feature_2": 0.013892841408583281, "feature_3": 0.014109718619060503, "feature_4": 0.08553871173914038, "feature_5": 0.04238043687565987, "feature_6": 0.01313037511347134, "feature_7": 0.07821492307165456, "feature_8": 0.013567807229983582, "feature_9": 0.017418776875071238, "feature_10": 0.0133045258600938, "feature_11": 0.04956112887209249, "feature_12": 0.055192234523496725, "feature_13": 0.054763456602572244, "feature_14": 0.025621778183131015, "feature_15": 0.013243383909281925, "feature_16": 0.013289762723457412, "feature_17": 0.0784689282852929, "feature_18": 0.03743111606490242, "feature_19": 0.053195755071695355, "feature_20": 0.04286411174723071, "feature_21": 0.014191399293907458, "feature_22": 0.013613098564942744, "feature_23": 0.013263329943304309, "feature_24": 0.012748497068647356, "feature_25": 0.045585072173594504, "feature_26": 0.03173908082298695, "feature_27": 0.05263635269145488, "feature_28": 0.047076627556442804, "feature_29": 0.010996408658621948}