{"feature_0": 0.02978576399415488, "feature_1": 0.014995767046105833, "feature_2": 0.015257403043334426, "feature_3": 0.015875946621461984, "feature_4": 0.07544479038144898, "feature_5": 0.0409971924522714, "feature_6": 0.016341546530310506, "feature_7": 0.07237775854497963, "feature_8": 0.0162572815915451, "feature_9": 0.01729064389220668, "feature_10": 0.014546475996445311, "feature_11": 0.04854610792333374, "feature_12": 0.05013338346707291, "feature_13": 0.055704644611165886, "feature_14": 0.029776228828911386, "feature_15": 0.01568869132302429, "feature_16": 0.01588650768392928, "feature_17": 0.07026788749691883, "feature_18": 0.03679878391692573, "feature_19": 0.05323306407590207, "feature_20": 0.041609730009193185, "feature_21": 0.016032512798130512, "feature_22": 0.015245336891017378, "feature_23": 0.01599355634932339, "feature_24": 0.01489473688523332, "feature_25": 0.043304102962208664, "feature_26": 0.03473466967376815, "feature_27": 0.0555877296296102, "feature_28": 0.04370967143311085, "feature_29": 0.013682083946955468}