{"feature_0": 0.013556239845103556, "feature_1": 0.05038366535130552, "feature_2": 0.0488576503407828, "feature_3": 0.04452419808919227, "feature_4": 0.09945476331654736, "feature_5": 0.04795909366236573, "feature_6": 0.02258186521785349, "feature_7": 0.05846786519544773, "feature_8": 0.03872972503261237, "feature_9": 0.03813097453868656, "feature_10": 0.05745316214648028, "feature_11": 0.04505678417662179, "feature_12": 0.012840168649622705, "feature_13": 0.14219201292346134, "feature_14": 0.10538555617840203, "feature_15": 0.06978004170402297, "feature_16": 0.03818300737464036, "feature_17": 0.041194479335349046, "feature_18": 0.012342213225853318, "feature_19": 0.012926533695648938}