{"feature_0": 0.03216087299683663, "feature_1": 0.02663286964228374, "feature_2": 0.119897803233772, "feature_3": 0.04747922590194817, "feature_4": 0.07379301540736076, "feature_5": 0.040965004989215535, "feature_6": 0.03772124540733339, "feature_7": 0.1033046127231994, "feature_8": 0.025118657580839233, "feature_9": 0.04684232491110259, "feature_10": 0.05952378785829775, "feature_11": 0.07457004836704663, "feature_12": 0.03662479295431263, "feature_13": 0.10490520528150006, "feature_14": 0.030198453026556236, "feature_15": 0.028827129030005026, "feature_16": 0.024090707649058404, "feature_17": 0.02592092038161422, "feature_18": 0.031844675890259286, "feature_19": 0.02957864676745837}