{"feature_0": 0.010831754546093255, "feature_1": 0.015546799610035897, "feature_2": 0.015889968003670103, "feature_3": 0.05031329356289078, "feature_4": 0.013725349641597906, "feature_5": 0.06355351797030633, "feature_6": 0.01377710881713555, "feature_7": 0.01592606414621308, "feature_8": 0.027789874058015165, "feature_9": 0.040120669455503334, "feature_10": 0.039799447772488186, "feature_11": 0.035156357347863626, "feature_12": 0.02013532308331123, "feature_13": 0.01480438015222975, "feature_14": 0.02200663256555374, "feature_15": 0.037082323189662994, "feature_16": 0.0393693693739399, "feature_17": 0.043040933944211775, "feature_18": 0.03331629552400762, "feature_19": 0.05300647796503214, "feature_20": 0.015867582904932422, "feature_21": 0.026846278328613606, "feature_22": 0.028437487082627215, "feature_23": 0.025549226415102558, "feature_24": 0.05615868700335869, "feature_25": 0.07624788526359237, "feature_26": 0.11259482194040142, "feature_27": 0.012059783799092595, "feature_28": 0.014619642854796487, "feature_29": 0.026426663677720397}