{"feature_0": 0.01898983926694448, "feature_1": 0.04383496779212075, "feature_2": 0.042287469889547395, "feature_3": 0.015271358164470599, "feature_4": 0.10460975720661353, "feature_5": 0.017117335238816412, "feature_6": 0.0778034913456533, "feature_7": 0.014892732281596092, "feature_8": 0.038971363515990995, "feature_9": 0.01766590974094881, "feature_10": 0.01674421188344225, "feature_11": 0.015584243962873135, "feature_12": 0.042475172848744656, "feature_13": 0.03355130974818287, "feature_14": 0.08047669573103702, "feature_15": 0.016174393684442255, "feature_16": 0.05424151553374104, "feature_17": 0.024337351958642995, "feature_18": 0.01864456946645845, "feature_19": 0.0172427235362951, "feature_20": 0.03822984481609866, "feature_21": 0.01778171076706372, "feature_22": 0.015594075120070168, "feature_23": 0.017191426692296806, "feature_24": 0.061525067491314235, "feature_25": 0.018773773764559985, "feature_26": 0.01485005460938974, "feature_27": 0.01953068415017507, "feature_28": 0.06897449038626972, "feature_29": 0.01663245940619974}