{"feature_0": 0.05093570112929601, "feature_1": 0.04522819192600909, "feature_2": 0.07870636855819448, "feature_3": 0.03814029649803033, "feature_4": 0.05278522372946213, "feature_5": 0.069657741538593, "feature_6": 0.056951453777353465, "feature_7": 0.03729689936059235, "feature_8": 0.03906392990391204, "feature_9": 0.04597028904478214, "feature_10": 0.04574894155185371, "feature_11": 0.0368132619379076, "feature_12": 0.12471632888603745, "feature_13": 0.04013065933624055, "feature_14": 0.03134610021581856, "feature_15": 0.045725733091421236, "feature_16": 0.05201555983446548, "feature_17": 0.0569306957263569, "feature_18": 0.022305050769020843, "feature_19": 0.029531573184652517}