{"feature_0": 0.011146572176357318, "feature_1": 0.015312511811238381, "feature_2": 0.03056164341197157, "feature_3": 0.05217852771643511, "feature_4": 0.10041916305910602, "feature_5": 0.011943241514012062, "feature_6": 0.06046142383795569, "feature_7": 0.010793648557758233, "feature_8": 0.012090610346970915, "feature_9": 0.012248526312571404, "feature_10": 0.011750356543658191, "feature_11": 0.03064872768514697, "feature_12": 0.09644228768819639, "feature_13": 0.01237822549952629, "feature_14": 0.11937430038064165, "feature_15": 0.032644561417291953, "feature_16": 0.012106067892951194, "feature_17": 0.018741267076279596, "feature_18": 0.03283085259819118, "feature_19": 0.040964920047668406, "feature_20": 0.011171277641306052, "feature_21": 0.04303369262197749, "feature_22": 0.048283421321188055, "feature_23": 0.038516563810901405, "feature_24": 0.03947444621235662, "feature_25": 0.011119642546787847, "feature_26": 0.012883047978696582, "feature_27": 0.044124955269373115, "feature_28": 0.014368497443397674, "feature_29": 0.011987019580086583}