{"feature_0": 0.014942622699192299, "feature_1": 0.04833578251144573, "feature_2": 0.04522177195196426, "feature_3": 0.049399889817230834, "feature_4": 0.1017327086830773, "feature_5": 0.047744175986049145, "feature_6": 0.022696831746900292, "feature_7": 0.06021660436228478, "feature_8": 0.03785089169859292, "feature_9": 0.036924671138352266, "feature_10": 0.05133340629008211, "feature_11": 0.042128530593845845, "feature_12": 0.014003840563625945, "feature_13": 0.13887056996149993, "feature_14": 0.10295664213248265, "feature_15": 0.07412897207285245, "feature_16": 0.039692197689984415, "feature_17": 0.04383128695751053, "feature_18": 0.01515350220205333, "feature_19": 0.012835100940972887}