{"feature_0": 0.04681918716965842, "feature_1": 0.01835314544916897, "feature_2": 0.037228455040756614, "feature_3": 0.03727274941910505, "feature_4": 0.03563017208658937, "feature_5": 0.03339571293890822, "feature_6": 0.08868158305620484, "feature_7": 0.04904207377902723, "feature_8": 0.04156094756461017, "feature_9": 0.0218104607543977, "feature_10": 0.03027421990634979, "feature_11": 0.08202879336915826, "feature_12": 0.060049445567391155, "feature_13": 0.13345151259073557, "feature_14": 0.035578437486215635, "feature_15": 0.08996492065723008, "feature_16": 0.021202544747999808, "feature_17": 0.01530910095568897, "feature_18": 0.04657635653323609, "feature_19": 0.07577018092756817}