{"feature_0": 0.010167152198357302, "feature_1": 0.011096328213563243, "feature_2": 0.010001307220583022, "feature_3": 0.04099480126624952, "feature_4": 0.057589258130939756, "feature_5": 0.04609648270768866, "feature_6": 0.040381494132610746, "feature_7": 0.032856341323220725, "feature_8": 0.0716000911213777, "feature_9": 0.024429549051195668, "feature_10": 0.010647378602763853, "feature_11": 0.10770809044684768, "feature_12": 0.0275943126479627, "feature_13": 0.02804042798763814, "feature_14": 0.04927376282566402, "feature_15": 0.03607597024817714, "feature_16": 0.022509548498040082, "feature_17": 0.07242638562262843, "feature_18": 0.03003893612065044, "feature_19": 0.03436975165659407, "feature_20": 0.010697284244120905, "feature_21": 0.05758922072493203, "feature_22": 0.011935618986050708, "feature_23": 0.011059205559213674, "feature_24": 0.03320116342768798, "feature_25": 0.011482646239369836, "feature_26": 0.009765507307350188, "feature_27": 0.010349929315896088, "feature_28": 0.025434990878953886, "feature_29": 0.05458706329367198}