{"feature_0": 0.011661302266020938, "feature_1": 0.014630892910895262, "feature_2": 0.014067871308131015, "feature_3": 0.051015125812911705, "feature_4": 0.01340872542466356, "feature_5": 0.06279773894534567, "feature_6": 0.014159706396384081, "feature_7": 0.014922820043328953, "feature_8": 0.025189652842272994, "feature_9": 0.044638792411664775, "feature_10": 0.04174133750709727, "feature_11": 0.035279075260723054, "feature_12": 0.020117910659664725, "feature_13": 0.014648524655907562, "feature_14": 0.02298176724597143, "feature_15": 0.03907984006907468, "feature_16": 0.038379625363067806, "feature_17": 0.04046790924878731, "feature_18": 0.03181600253737331, "feature_19": 0.05234624600792279, "feature_20": 0.016359546054983805, "feature_21": 0.02863632481858594, "feature_22": 0.027865138520157068, "feature_23": 0.023993850860210136, "feature_24": 0.0585464225596539, "feature_25": 0.07763617371516368, "feature_26": 0.11037749728507831, "feature_27": 0.013399343135428812, "feature_28": 0.013378705735720071, "feature_29": 0.02645613039780941}