{"feature_0": 0.03527630397383215, "feature_1": 0.0455165584626065, "feature_2": 0.05518237637390147, "feature_3": 0.0441543193987866, "feature_4": 0.03882824256952784, "feature_5": 0.01773386555445662, "feature_6": 0.017004601470367163, "feature_7": 0.07438675504679654, "feature_8": 0.03344070001948083, "feature_9": 0.04662148352170825, "feature_10": 0.01858865447823991, "feature_11": 0.12300569242694614, "feature_12": 0.0387876827572356, "feature_13": 0.01396985739902298, "feature_14": 0.11806166358935437, "feature_15": 0.07994844121311791, "feature_16": 0.04856253532449792, "feature_17": 0.08233733971451836, "feature_18": 0.05380142002987725, "feature_19": 0.014791506675725612}