{"feature_0": 0.019413629049487957, "feature_1": 0.07914256397880086, "feature_2": 0.04018441757070724, "feature_3": 0.047529111572509865, "feature_4": 0.019436168375776226, "feature_5": 0.10540211047885409, "feature_6": 0.05251565002318514, "feature_7": 0.08922762759811943, "feature_8": 0.05379032949420762, "feature_9": 0.04593033279949151, "feature_10": 0.06798076922739785, "feature_11": 0.03185295193375217, "feature_12": 0.04894174138650881, "feature_13": 0.05737602279881813, "feature_14": 0.045000307200075994, "feature_15": 0.02070764565760874, "feature_16": 0.043371810949394046, "feature_17": 0.052314480711996, "feature_18": 0.05799288428393412, "feature_19": 0.021889444909374233}