{"feature_0": 0.03344777254924584, "feature_1": 0.026379207773643464, "feature_2": 0.12284103094915647, "feature_3": 0.044488956071010374, "feature_4": 0.07251812178867072, "feature_5": 0.0381912955679086, "feature_6": 0.03635060105965509, "feature_7": 0.10163991471627339, "feature_8": 0.026704757802815185, "feature_9": 0.0446958406314406, "feature_10": 0.0669918105323828, "feature_11": 0.07442120136061245, "feature_12": 0.03577264229212899, "feature_13": 0.10935816672521642, "feature_14": 0.025484351110807116, "feature_15": 0.026271470965864428, "feature_16": 0.023281001679645374, "feature_17": 0.026575528795754495, "feature_18": 0.029875660256120883, "feature_19": 0.034710667371647186}