{"feature_0": 0.00972197143522852, "feature_1": 0.010031880707971261, "feature_2": 0.00916055216391662, "feature_3": 0.03801953535943868, "feature_4": 0.05533524736951676, "feature_5": 0.04617247849379471, "feature_6": 0.04067740306613489, "feature_7": 0.03099449480927809, "feature_8": 0.07026615917812404, "feature_9": 0.024760542712923987, "feature_10": 0.009445365757589507, "feature_11": 0.11335073899532584, "feature_12": 0.028438986362772485, "feature_13": 0.027814143777272045, "feature_14": 0.049796183840109975, "feature_15": 0.03525197299939698, "feature_16": 0.025642057096425086, "feature_17": 0.0714999112704945, "feature_18": 0.0284261499315034, "feature_19": 0.03647623339642988, "feature_20": 0.010092630640424663, "feature_21": 0.058053929918636955, "feature_22": 0.010650145492462404, "feature_23": 0.010861700260321827, "feature_24": 0.0357225391688784, "feature_25": 0.009669262877787299, "feature_26": 0.00898227951793848, "feature_27": 0.009704803796434524, "feature_28": 0.025642281007742, "feature_29": 0.05933841859572609}