{"feature_0": 0.045891906662115435, "feature_1": 0.01873202253697102, "feature_2": 0.037853382753883565, "feature_3": 0.03636580074984892, "feature_4": 0.03662696997878232, "feature_5": 0.03522538138964047, "feature_6": 0.08218753470943913, "feature_7": 0.04737550153512847, "feature_8": 0.04016430058152964, "feature_9": 0.02219578365765556, "feature_10": 0.031166633603022843, "feature_11": 0.07939932615306992, "feature_12": 0.06024520339087793, "feature_13": 0.14031955610472763, "feature_14": 0.03497713940015517, "feature_15": 0.08973920928341625, "feature_16": 0.02194691719325848, "feature_17": 0.017012006398206388, "feature_18": 0.04614895904488695, "feature_19": 0.07642646487338403}