{"feature_0": 0.09746404773236703, "feature_1": 0.07060234783430908, "feature_2": 0.06898584607523703, "feature_3": 0.054170201534585176, "feature_4": 0.02299968887459504, "feature_5": 0.05764468768593448, "feature_6": 0.08045678596772629, "feature_7": 0.02516716808950742, "feature_8": 0.022827145822978883, "feature_9": 0.023191455920674856, "feature_10": 0.11020254524627639, "feature_11": 0.02683964086711717, "feature_12": 0.051478972880481956, "feature_13": 0.04302334710991196, "feature_14": 0.02209931332795951, "feature_15": 0.06725920919199115, "feature_16": 0.026023323323453414, "feature_17": 0.05515921383098169, "feature_18": 0.05326474254818006, "feature_19": 0.021140316135731665}