{"feature_0": 0.01776683111013989, "feature_1": 0.04740057370465325, "feature_2": 0.04114201532657561, "feature_3": 0.01568198098997326, "feature_4": 0.0853040796195341, "feature_5": 0.015055316273805092, "feature_6": 0.08340178727268557, "feature_7": 0.017487247360877048, "feature_8": 0.04197307257389073, "feature_9": 0.018832393834833042, "feature_10": 0.01594869145446379, "feature_11": 0.01679238345383343, "feature_12": 0.039339287046922855, "feature_13": 0.033571924544793706, "feature_14": 0.07809073651932505, "feature_15": 0.017661126289200038, "feature_16": 0.05570406726828098, "feature_17": 0.026878714575917596, "feature_18": 0.020018551239276785, "feature_19": 0.015057651935265285, "feature_20": 0.03519732571186751, "feature_21": 0.01754619843541857, "feature_22": 0.016503386225448793, "feature_23": 0.017049168806887772, "feature_24": 0.06430402094712932, "feature_25": 0.019954410257175093, "feature_26": 0.015577253207250178, "feature_27": 0.0229598184709572, "feature_28": 0.06826230303566101, "feature_29": 0.01953768250795759}