{"feature_0": 0.12636288954114405, "feature_1": 0.06111601436195544, "feature_2": 0.03571445516688546, "feature_3": 0.01635772395933841, "feature_4": 0.06612331467674638, "feature_5": 0.04365220231942606, "feature_6": 0.018132678486959417, "feature_7": 0.03647464432300093, "feature_8": 0.013704387754476103, "feature_9": 0.013953169638742437, "feature_10": 0.03894570397007573, "feature_11": 0.03244763039111782, "feature_12": 0.02963822405179512, "feature_13": 0.016307278258675093, "feature_14": 0.014150892095932656, "feature_15": 0.030987259208893045, "feature_16": 0.07486648471378188, "feature_17": 0.015784187925689353, "feature_18": 0.016029461593732128, "feature_19": 0.02232946273450304, "feature_20": 0.016761052496727647, "feature_21": 0.013391289951079457, "feature_22": 0.017466326934512652, "feature_23": 0.029877388312695864, "feature_24": 0.014879112725736183, "feature_25": 0.0684278439279635, "feature_26": 0.014755979263822156, "feature_27": 0.050561220108258434, "feature_28": 0.013389706720469957, "feature_29": 0.03741201438586359}