{"feature_0": 0.05034178078029525, "feature_1": 0.046288993698059694, "feature_2": 0.07831814287188732, "feature_3": 0.03752287583080771, "feature_4": 0.04960069047450312, "feature_5": 0.07006427710580207, "feature_6": 0.06053009857074757, "feature_7": 0.038895029814257714, "feature_8": 0.039357626167280675, "feature_9": 0.04495356693987059, "feature_10": 0.04886644235238964, "feature_11": 0.03657709666608456, "feature_12": 0.12284027410944916, "feature_13": 0.040386254002985324, "feature_14": 0.0321782197994743, "feature_15": 0.04337589616995156, "feature_16": 0.05182249680278722, "feature_17": 0.05397738405864672, "feature_18": 0.024935711145819647, "feature_19": 0.029167142638900148}