{"feature_0": 0.0462969835138499, "feature_1": 0.022773932174892885, "feature_2": 0.04507781919057767, "feature_3": 0.023445968790862633, "feature_4": 0.08463684467451675, "feature_5": 0.02461460440856792, "feature_6": 0.07040133909155277, "feature_7": 0.02588861402411894, "feature_8": 0.023144597495739896, "feature_9": 0.022454430754515343, "feature_10": 0.08762588446545504, "feature_11": 0.04957520053982362, "feature_12": 0.04887318171573121, "feature_13": 0.08007298968274325, "feature_14": 0.025361791328777784, "feature_15": 0.024724753837358383, "feature_16": 0.07788053141551438, "feature_17": 0.07524049042634347, "feature_18": 0.05558702301139786, "feature_19": 0.08632301945766024}