{"feature_0": 0.03302273499930952, "feature_1": 0.04113869087792577, "feature_2": 0.05877371269737094, "feature_3": 0.04500977773412495, "feature_4": 0.03734463097551775, "feature_5": 0.015530439035909784, "feature_6": 0.01763115608369276, "feature_7": 0.07878956986556682, "feature_8": 0.0299565264457283, "feature_9": 0.046851060135785424, "feature_10": 0.01754139523759655, "feature_11": 0.12373836636868384, "feature_12": 0.037974401483143794, "feature_13": 0.012734839720370235, "feature_14": 0.12471857699490914, "feature_15": 0.08221972890591256, "feature_16": 0.05001402692467629, "feature_17": 0.07946548990808393, "feature_18": 0.05400667586137487, "feature_19": 0.013538199744316616}