{"feature_0": 0.09091861344634677, "feature_1": 0.013659966638430606, "feature_2": 0.013683303908109188, "feature_3": 0.04367470201112927, "feature_4": 0.028604618391179837, "feature_5": 0.015399535480279197, "feature_6": 0.042980643062515485, "feature_7": 0.016089862678012688, "feature_8": 0.03528516106092333, "feature_9": 0.013667408752255175, "feature_10": 0.1195529130553126, "feature_11": 0.015814614685964228, "feature_12": 0.055361921671252264, "feature_13": 0.013889571680001262, "feature_14": 0.035961297271187416, "feature_15": 0.04334375806222834, "feature_16": 0.040455783566203045, "feature_17": 0.017164852299921197, "feature_18": 0.01300905195499503, "feature_19": 0.013995208526498592, "feature_20": 0.018341516525648464, "feature_21": 0.02727733868046875, "feature_22": 0.012763755506377709, "feature_23": 0.016216363555917507, "feature_24": 0.014828313566555952, "feature_25": 0.037321031179896, "feature_26": 0.022570134556049396, "feature_27": 0.025666945732631452, "feature_28": 0.0563697044073018, "feature_29": 0.08613210808640757}