{"feature_0": 0.09642522479806007, "feature_1": 0.012626367498139595, "feature_2": 0.011758170433948889, "feature_3": 0.04096264051703176, "feature_4": 0.03115503686739065, "feature_5": 0.013682757380517085, "feature_6": 0.04157962004175363, "feature_7": 0.013260566454668445, "feature_8": 0.03878519599163134, "feature_9": 0.014170836569457597, "feature_10": 0.12211003840708688, "feature_11": 0.013423716488442492, "feature_12": 0.056264401166522086, "feature_13": 0.013219606810661642, "feature_14": 0.04144574321363417, "feature_15": 0.04008710606105062, "feature_16": 0.04005549004851724, "feature_17": 0.014483978638385303, "feature_18": 0.010413153771191907, "feature_19": 0.011457797959360862, "feature_20": 0.014315881122630152, "feature_21": 0.028172783977599907, "feature_22": 0.01179030795891347, "feature_23": 0.014795134470688412, "feature_24": 0.012614502482658442, "feature_25": 0.04166563421828409, "feature_26": 0.026708218825804653, "feature_27": 0.022502416424539696, "feature_28": 0.05962884904264291, "feature_29": 0.09043882235878609}