{"feature_0": 0.047002363598577075, "feature_1": 0.023157175483667983, "feature_2": 0.039791173099239546, "feature_3": 0.022702261863493393, "feature_4": 0.08290148994764439, "feature_5": 0.02479077695882375, "feature_6": 0.06797330739785681, "feature_7": 0.025579003015037745, "feature_8": 0.023219809017466116, "feature_9": 0.0218900774910718, "feature_10": 0.08806412779441544, "feature_11": 0.05278604592029811, "feature_12": 0.049037435252686425, "feature_13": 0.07888377221183691, "feature_14": 0.024917840281567728, "feature_15": 0.025981039046111657, "feature_16": 0.08129019325425574, "feature_17": 0.07663507138814335, "feature_18": 0.05833693950675761, "feature_19": 0.08506009747104831}