{"feature_0": 0.05098127682067163, "feature_1": 0.04786841740313673, "feature_2": 0.08106012822711021, "feature_3": 0.03773596778472047, "feature_4": 0.04532940415925754, "feature_5": 0.07182239593700593, "feature_6": 0.061159335495514264, "feature_7": 0.037232270191029676, "feature_8": 0.041233773882597434, "feature_9": 0.04789397189030424, "feature_10": 0.04808636010292648, "feature_11": 0.037960462595447386, "feature_12": 0.11541275623898994, "feature_13": 0.03806441851875442, "feature_14": 0.03206583750727078, "feature_15": 0.042555749403010906, "feature_16": 0.054755400997759704, "feature_17": 0.05264079943258598, "feature_18": 0.02645016485161334, "feature_19": 0.029691108560292737}