{"feature_0": 0.015106599415354447, "feature_1": 0.0811204263636554, "feature_2": 0.03970056233205395, "feature_3": 0.04737343307932304, "feature_4": 0.01647442382493343, "feature_5": 0.11066991636889503, "feature_6": 0.04988281484182209, "feature_7": 0.09330329445013237, "feature_8": 0.05730845676437671, "feature_9": 0.04676383487348956, "feature_10": 0.06522511960293183, "feature_11": 0.033258062568876784, "feature_12": 0.04971260984379673, "feature_13": 0.056799181637870184, "feature_14": 0.04848590731344239, "feature_15": 0.01801646432732397, "feature_16": 0.04007520404605454, "feature_17": 0.05570129248617239, "feature_18": 0.05874618850187396, "feature_19": 0.01627620735762117}