{"feature_0": 0.04468373700201314, "feature_1": 0.019020646867921428, "feature_2": 0.045439377709266496, "feature_3": 0.01977803603052863, "feature_4": 0.08581483271391453, "feature_5": 0.02036541478951496, "feature_6": 0.0727505832496338, "feature_7": 0.021315186341850905, "feature_8": 0.019746944459749567, "feature_9": 0.0188672338899528, "feature_10": 0.0957283432069505, "feature_11": 0.047659139137964296, "feature_12": 0.049675601635495614, "feature_13": 0.08518933912314802, "feature_14": 0.020952231426402172, "feature_15": 0.020574671006741405, "feature_16": 0.08255886885448348, "feature_17": 0.08057843379137551, "feature_18": 0.056023643765962534, "feature_19": 0.0932777349971302}