{"feature_0": 0.12730564022182886, "feature_1": 0.068227238830604, "feature_2": 0.0353074437661677, "feature_3": 0.01431985857639239, "feature_4": 0.06851308601806365, "feature_5": 0.04547583377591777, "feature_6": 0.016841003231618336, "feature_7": 0.035856940401505326, "feature_8": 0.012965414937322466, "feature_9": 0.012762956705097292, "feature_10": 0.04069313959528227, "feature_11": 0.029809315563090678, "feature_12": 0.031200785898016746, "feature_13": 0.015575278963767227, "feature_14": 0.014463471261825062, "feature_15": 0.028506765684576742, "feature_16": 0.0770549360324478, "feature_17": 0.014455813334447848, "feature_18": 0.014555827240462149, "feature_19": 0.023779064827744233, "feature_20": 0.017400950944822018, "feature_21": 0.013956566035283774, "feature_22": 0.014680561799568599, "feature_23": 0.030453610249563806, "feature_24": 0.013386135474932925, "feature_25": 0.07094328297709228, "feature_26": 0.013152798990041903, "feature_27": 0.04736533925268861, "feature_28": 0.012532240278233284, "feature_29": 0.03845869913159427}