{"feature_0": 0.03280869936940238, "feature_1": 0.028890997949412914, "feature_2": 0.12253813005152998, "feature_3": 0.04410537629621272, "feature_4": 0.07359204198297882, "feature_5": 0.038643356789478445, "feature_6": 0.035866630837760045, "feature_7": 0.09988757914806914, "feature_8": 0.027479032779067613, "feature_9": 0.04516280422880114, "feature_10": 0.06414192816729176, "feature_11": 0.07139417966840181, "feature_12": 0.03592193593335301, "feature_13": 0.1063751542265908, "feature_14": 0.026512895583796426, "feature_15": 0.0291077516932875, "feature_16": 0.02436620179298881, "feature_17": 0.027964256262105414, "feature_18": 0.030140182612997526, "feature_19": 0.03510086462647376}