{"feature_0": 0.013628757974500496, "feature_1": 0.04743128810012887, "feature_2": 0.05068814397661355, "feature_3": 0.05003897590005977, "feature_4": 0.10473791726567898, "feature_5": 0.048620621018185324, "feature_6": 0.02279560040410462, "feature_7": 0.057279006157595465, "feature_8": 0.038270571672657, "feature_9": 0.036640806383873785, "feature_10": 0.0530279229193444, "feature_11": 0.041305814042757995, "feature_12": 0.013336008864577795, "feature_13": 0.1411703250843472, "feature_14": 0.10339161761260952, "feature_15": 0.06842314060504823, "feature_16": 0.03715299425990169, "feature_17": 0.044087369414173745, "feature_18": 0.015311864550426945, "feature_19": 0.012661253793414628}