{"feature_0": 0.09906202804352338, "feature_1": 0.07155110756237013, "feature_2": 0.07391091055312575, "feature_3": 0.049201450616224184, "feature_4": 0.023630846420157843, "feature_5": 0.05743021603802199, "feature_6": 0.07450955823918821, "feature_7": 0.023628526060802995, "feature_8": 0.02373319757952402, "feature_9": 0.02194332579053155, "feature_10": 0.10592928028350111, "feature_11": 0.024411408617243842, "feature_12": 0.05333476264781541, "feature_13": 0.04421538644158349, "feature_14": 0.02124956673684608, "feature_15": 0.07338272144582098, "feature_16": 0.02478124508819862, "feature_17": 0.05425822413159819, "feature_18": 0.05746546302525753, "feature_19": 0.022370774678664516}