{"feature_0": 0.046419808290612576, "feature_1": 0.016691859459743767, "feature_2": 0.01695265080273273, "feature_3": 0.03489062232400405, "feature_4": 0.05517088100791631, "feature_5": 0.046075337953762126, "feature_6": 0.0404867667351357, "feature_7": 0.03890112636602599, "feature_8": 0.09235380118317403, "feature_9": 0.015863358707689727, "feature_10": 0.031707977548730705, "feature_11": 0.04949996451928067, "feature_12": 0.0964806233904463, "feature_13": 0.0639414622327385, "feature_14": 0.13792584361519533, "feature_15": 0.017056389563611312, "feature_16": 0.03908111467937648, "feature_17": 0.049019951076288926, "feature_18": 0.05809266142383185, "feature_19": 0.053387799119703094}