{"feature_0": 0.12315073024669398, "feature_1": 0.07588617384890516, "feature_2": 0.03555788981302289, "feature_3": 0.012779870450610646, "feature_4": 0.06677694134822557, "feature_5": 0.04629768435740399, "feature_6": 0.018237519562495967, "feature_7": 0.03705057544413065, "feature_8": 0.013134487968699798, "feature_9": 0.013164067379087157, "feature_10": 0.04080090082982735, "feature_11": 0.027875122174793418, "feature_12": 0.03472670719521817, "feature_13": 0.015413911450382114, "feature_14": 0.014163911524272337, "feature_15": 0.029371411085787776, "feature_16": 0.07782559879274722, "feature_17": 0.014279712582194199, "feature_18": 0.014037984212043622, "feature_19": 0.02152194423359563, "feature_20": 0.016289270692411064, "feature_21": 0.012952132919132569, "feature_22": 0.01456638628861374, "feature_23": 0.029619315881139106, "feature_24": 0.01257328311038539, "feature_25": 0.07100506007815525, "feature_26": 0.012270725141136722, "feature_27": 0.04729832173401247, "feature_28": 0.011637921594060099, "feature_29": 0.03973443806081595}