{"feature_0": 0.05169047699028749, "feature_1": 0.04649106643026694, "feature_2": 0.08347785615058412, "feature_3": 0.03995215985257144, "feature_4": 0.04972148790121044, "feature_5": 0.07038426108549467, "feature_6": 0.058404480544973505, "feature_7": 0.0371170400188079, "feature_8": 0.039221189574772976, "feature_9": 0.048013670551643815, "feature_10": 0.04308398752755067, "feature_11": 0.03611116952837842, "feature_12": 0.11672026026664173, "feature_13": 0.04085559208233285, "feature_14": 0.03055034166059521, "feature_15": 0.04450297285514809, "feature_16": 0.05261001396181361, "feature_17": 0.05430694843773138, "feature_18": 0.025637064692689445, "feature_19": 0.031147959886505136}