{"feature_0": 0.09913953739141186, "feature_1": 0.01267632486745252, "feature_2": 0.012509054683484424, "feature_3": 0.041218398015694345, "feature_4": 0.030055807975194648, "feature_5": 0.0139667639976963, "feature_6": 0.04308617132013119, "feature_7": 0.014571784624677514, "feature_8": 0.03530316580220053, "feature_9": 0.012516450447344826, "feature_10": 0.12793069985165878, "feature_11": 0.013814961079902316, "feature_12": 0.05635978131927839, "feature_13": 0.012093858596435367, "feature_14": 0.04037470007262302, "feature_15": 0.04323324581120724, "feature_16": 0.036890919738196346, "feature_17": 0.01624938745126671, "feature_18": 0.009135675099548095, "feature_19": 0.012147426332929066, "feature_20": 0.015237839382245244, "feature_21": 0.027096977661708287, "feature_22": 0.01209659835870208, "feature_23": 0.015368334864313105, "feature_24": 0.012788511292241561, "feature_25": 0.041249924573477134, "feature_26": 0.022451925304672122, "feature_27": 0.026499147896434042, "feature_28": 0.05562840649941711, "feature_29": 0.08830821968845588}