{"feature_0": 0.01295302179403959, "feature_1": 0.08566080519383959, "feature_2": 0.013719345493236692, "feature_3": 0.01831290807953451, "feature_4": 0.07595617470122717, "feature_5": 0.015065995162900166, "feature_6": 0.015884859191458555, "feature_7": 0.01612613442088873, "feature_8": 0.0739658254543223, "feature_9": 0.04106355147443723, "feature_10": 0.015822752633179827, "feature_11": 0.07670585270242393, "feature_12": 0.014427124105902737, "feature_13": 0.02027180654279592, "feature_14": 0.014015799839365373, "feature_15": 0.05769210704877045, "feature_16": 0.012169549158188284, "feature_17": 0.03929808400297614, "feature_18": 0.038396112453213116, "feature_19": 0.04916575201191195, "feature_20": 0.06735553800402193, "feature_21": 0.013658100708794254, "feature_22": 0.014335674257971139, "feature_23": 0.08456605982429757, "feature_24": 0.01445314055408508, "feature_25": 0.013096264560342892, "feature_26": 0.0128751811846293, "feature_27": 0.01827188592716252, "feature_28": 0.04207081378784973, "feature_29": 0.012643779726233328}