{"feature_0": 0.03159336374372325, "feature_1": 0.015744243616386194, "feature_2": 0.015434360145161287, "feature_3": 0.01566287566156006, "feature_4": 0.08450782943670214, "feature_5": 0.04242078652187722, "feature_6": 0.014953777897467675, "feature_7": 0.06750431390635607, "feature_8": 0.016296442901420516, "feature_9": 0.01692288498098712, "feature_10": 0.015333915389738434, "feature_11": 0.047322592603344656, "feature_12": 0.05275187176114602, "feature_13": 0.053402892677758884, "feature_14": 0.030780204418816806, "feature_15": 0.014665762086358752, "feature_16": 0.015204622397249653, "feature_17": 0.07154164973878734, "feature_18": 0.03877738760710104, "feature_19": 0.05095660832229496, "feature_20": 0.043745494454500086, "feature_21": 0.01569398862252958, "feature_22": 0.015184516786084543, "feature_23": 0.016480593258232746, "feature_24": 0.015090576386122708, "feature_25": 0.03956531344250977, "feature_26": 0.03275165225173091, "feature_27": 0.052857707504124954, "feature_28": 0.043440228371519014, "feature_29": 0.013411543108407462}