{"feature_0": 0.018057812158307845, "feature_1": 0.04443936960122814, "feature_2": 0.04086413389163167, "feature_3": 0.016328116884153428, "feature_4": 0.09351616918932226, "feature_5": 0.015902052049259662, "feature_6": 0.07714356835923213, "feature_7": 0.0166542558117794, "feature_8": 0.03947746159392479, "feature_9": 0.018627472521245702, "feature_10": 0.01716574602524087, "feature_11": 0.016522484544122376, "feature_12": 0.04110651876389179, "feature_13": 0.033658477356584386, "feature_14": 0.07822894552340706, "feature_15": 0.018083843636391962, "feature_16": 0.055422472750100704, "feature_17": 0.02650106243397502, "feature_18": 0.01988762257218331, "feature_19": 0.016160552084299385, "feature_20": 0.03556209983906976, "feature_21": 0.01819165234271244, "feature_22": 0.017471966588947212, "feature_23": 0.01676790605148187, "feature_24": 0.0640733364184694, "feature_25": 0.02025220395884162, "feature_26": 0.016462959016311802, "feature_27": 0.02092951980891438, "feature_28": 0.06755397823942776, "feature_29": 0.018986239985541956}