{"feature_0": 0.04314622642853913, "feature_1": 0.020142792420589126, "feature_2": 0.038343976066755915, "feature_3": 0.03872255399969406, "feature_4": 0.036437634078215105, "feature_5": 0.034996765466447144, "feature_6": 0.07749015662360036, "feature_7": 0.048344515660917485, "feature_8": 0.03985067612224891, "feature_9": 0.021567099570917677, "feature_10": 0.033447880470620646, "feature_11": 0.07780666154051141, "feature_12": 0.06138624304713407, "feature_13": 0.1429712821770612, "feature_14": 0.03830499166518763, "feature_15": 0.08487525051570141, "feature_16": 0.021326526533189494, "feature_17": 0.01859851659695575, "feature_18": 0.0481639604665029, "feature_19": 0.07407629054921049}