{"feature_0": 0.09612646391372366, "feature_1": 0.06745075342436253, "feature_2": 0.07808646849531993, "feature_3": 0.053059059226305605, "feature_4": 0.024074626907983017, "feature_5": 0.059030750829069986, "feature_6": 0.07336792964350876, "feature_7": 0.021558532254434777, "feature_8": 0.02117999424265024, "feature_9": 0.020034109400067657, "feature_10": 0.11425142855223029, "feature_11": 0.023887288744740554, "feature_12": 0.054500074967482645, "feature_13": 0.042058036845440294, "feature_14": 0.020031038837086027, "feature_15": 0.0745386411072907, "feature_16": 0.02169546247344011, "feature_17": 0.05280372160241357, "feature_18": 0.06032262131969981, "feature_19": 0.021942997212749917}