{"feature_0": 0.044018623274819396, "feature_1": 0.02029831096285246, "feature_2": 0.03659475929725087, "feature_3": 0.038238135412984584, "feature_4": 0.03415796397519011, "feature_5": 0.03451038978558235, "feature_6": 0.08195007144241351, "feature_7": 0.05136111838299068, "feature_8": 0.04067809284892166, "feature_9": 0.021073360537106, "feature_10": 0.03365775795905411, "feature_11": 0.07828473873103826, "feature_12": 0.06080596422133874, "feature_13": 0.13714589217261286, "feature_14": 0.03886313790443481, "feature_15": 0.08774615140100958, "feature_16": 0.02131723001915287, "feature_17": 0.016835848072308528, "feature_18": 0.047750683278750934, "feature_19": 0.07471177032018772}