{"feature_0": 0.09354227270237182, "feature_1": 0.06602633473722842, "feature_2": 0.07568484445592523, "feature_3": 0.05555092540955123, "feature_4": 0.024367190267153973, "feature_5": 0.05795377099213581, "feature_6": 0.07796381838316165, "feature_7": 0.022265185662515913, "feature_8": 0.021082409580004912, "feature_9": 0.02122491385612772, "feature_10": 0.11743346500715904, "feature_11": 0.026819417913936862, "feature_12": 0.056344429735439065, "feature_13": 0.04025206303131929, "feature_14": 0.020047609836320018, "feature_15": 0.06990521914146476, "feature_16": 0.02328543699924966, "feature_17": 0.054149170495553164, "feature_18": 0.05412726931200948, "feature_19": 0.02197425248137182}