{"feature_0": 0.010644711839666586, "feature_1": 0.013744544816904802, "feature_2": 0.03109239783136698, "feature_3": 0.054601122443063456, "feature_4": 0.09821624552910986, "feature_5": 0.012223691320707214, "feature_6": 0.064114152600117, "feature_7": 0.011158054655100917, "feature_8": 0.011947112013633682, "feature_9": 0.01201706122667129, "feature_10": 0.01182186810295929, "feature_11": 0.029510816370660917, "feature_12": 0.09065150397475985, "feature_13": 0.012754852197100798, "feature_14": 0.12177255846436838, "feature_15": 0.03462684725873702, "feature_16": 0.011978996921698667, "feature_17": 0.019432759618231574, "feature_18": 0.03319244450648126, "feature_19": 0.039058205007924486, "feature_20": 0.010714180261934802, "feature_21": 0.03885385734316756, "feature_22": 0.04952890503146625, "feature_23": 0.039660101707335166, "feature_24": 0.04102890922910062, "feature_25": 0.011557712343835524, "feature_26": 0.01312781914074759, "feature_27": 0.04419469850624796, "feature_28": 0.015091410725710177, "feature_29": 0.01168245901119036}