{"feature_0": 0.01302860004261502, "feature_1": 0.045923429091992256, "feature_2": 0.05048447333124808, "feature_3": 0.048795748945843785, "feature_4": 0.10434188350091776, "feature_5": 0.04683668824975145, "feature_6": 0.022165999685619817, "feature_7": 0.05646333031373588, "feature_8": 0.03682242274830853, "feature_9": 0.036120278317651085, "feature_10": 0.055815415914874156, "feature_11": 0.04336253449209017, "feature_12": 0.012449104682077078, "feature_13": 0.14896760517320956, "feature_14": 0.10602385168002065, "feature_15": 0.06744864377935479, "feature_16": 0.03865830279872416, "feature_17": 0.04066402310621809, "feature_18": 0.013011540446672116, "feature_19": 0.012616123699075646}