{"feature_0": 0.016440467088118086, "feature_1": 0.07424389924251255, "feature_2": 0.0167932505960252, "feature_3": 0.020068004941150273, "feature_4": 0.06981553458363399, "feature_5": 0.01843760250447458, "feature_6": 0.017163627292191716, "feature_7": 0.018755541773806107, "feature_8": 0.07094417229450409, "feature_9": 0.041263904202619814, "feature_10": 0.016183482802419838, "feature_11": 0.07105656644317469, "feature_12": 0.017783166190404386, "feature_13": 0.020424682087218086, "feature_14": 0.0170907240902169, "feature_15": 0.056351868560961166, "feature_16": 0.01698097166907402, "feature_17": 0.03958556657212016, "feature_18": 0.038394321885458785, "feature_19": 0.04716932749931488, "feature_20": 0.06088726268269034, "feature_21": 0.017214618828905584, "feature_22": 0.018784483846627058, "feature_23": 0.0742769772358768, "feature_24": 0.017736485026217556, "feature_25": 0.01749328593029025, "feature_26": 0.01884629855907556, "feature_27": 0.019652379207311013, "feature_28": 0.03446620946476224, "feature_29": 0.01569531689884435}