{"feature_0": 0.010568166548038141, "feature_1": 0.011005673067968316, "feature_2": 0.010591109398469653, "feature_3": 0.04014910620997544, "feature_4": 0.052867649904734186, "feature_5": 0.04694237052759196, "feature_6": 0.040132077816338006, "feature_7": 0.033455197452390055, "feature_8": 0.07288908973425963, "feature_9": 0.02363213090269994, "feature_10": 0.010412829972621657, "feature_11": 0.10745027753748722, "feature_12": 0.02867042555377575, "feature_13": 0.030868820298024253, "feature_14": 0.048908839225496575, "feature_15": 0.03736404665728286, "feature_16": 0.022148092350005668, "feature_17": 0.07525652367670799, "feature_18": 0.028588270498449933, "feature_19": 0.03600870261321846, "feature_20": 0.010467843076472114, "feature_21": 0.056471293604874524, "feature_22": 0.011286411622527208, "feature_23": 0.011989651114049224, "feature_24": 0.03423114500827027, "feature_25": 0.011811695071557977, "feature_26": 0.00998927128011077, "feature_27": 0.010354097431866601, "feature_28": 0.02441549192883225, "feature_29": 0.05107369991590355}