{"feature_0": 0.03175034873062401, "feature_1": 0.012565359288323374, "feature_2": 0.01395918100219787, "feature_3": 0.0148604624963153, "feature_4": 0.09170904708959614, "feature_5": 0.042038121471158825, "feature_6": 0.0131848943806847, "feature_7": 0.07108278181048709, "feature_8": 0.014474837258645842, "feature_9": 0.016241987560399747, "feature_10": 0.012698700927436383, "feature_11": 0.050248789295530664, "feature_12": 0.05598762408246218, "feature_13": 0.05299386473705812, "feature_14": 0.027963634637856605, "feature_15": 0.012824180141259996, "feature_16": 0.014060004649004013, "feature_17": 0.07827669850445747, "feature_18": 0.03895466304288616, "feature_19": 0.05400536358175548, "feature_20": 0.044433481725334664, "feature_21": 0.013685078899791946, "feature_22": 0.012685910329434485, "feature_23": 0.013011684605411298, "feature_24": 0.013254325328051805, "feature_25": 0.041974179009696855, "feature_26": 0.03058405315607093, "feature_27": 0.050717660632841735, "feature_28": 0.04807923795575438, "feature_29": 0.011693843669471746}