{"feature_0": 0.0930702922093232, "feature_1": 0.01390535442999217, "feature_2": 0.013684813432024762, "feature_3": 0.041960795760390864, "feature_4": 0.030406256413090606, "feature_5": 0.01467886322335492, "feature_6": 0.04195152930477888, "feature_7": 0.015196398518547297, "feature_8": 0.037919171605747315, "feature_9": 0.015141291856370209, "feature_10": 0.11839481967724141, "feature_11": 0.015348453898052745, "feature_12": 0.0547027539825012, "feature_13": 0.01517974457527268, "feature_14": 0.0370428259317856, "feature_15": 0.03933961905954451, "feature_16": 0.03923731100456829, "feature_17": 0.016379032036743117, "feature_18": 0.013177487085323444, "feature_19": 0.01345936170213257, "feature_20": 0.01725869763101948, "feature_21": 0.029530013735570498, "feature_22": 0.013237431617860961, "feature_23": 0.015693756824072248, "feature_24": 0.014514463773625547, "feature_25": 0.03741881137595861, "feature_26": 0.025705747597757886, "feature_27": 0.024358499320376124, "feature_28": 0.05881473524585712, "feature_29": 0.08329166717111579}