{"feature_0": 0.014181070721175406, "feature_1": 0.08346704503969592, "feature_2": 0.013884047188500847, "feature_3": 0.018541460095015665, "feature_4": 0.07503862095396194, "feature_5": 0.014532142646789589, "feature_6": 0.016441467375540832, "feature_7": 0.01668096556666799, "feature_8": 0.07288737764447818, "feature_9": 0.043323391266263535, "feature_10": 0.015972384989021243, "feature_11": 0.07216794683226332, "feature_12": 0.01476109888452644, "feature_13": 0.018700798991238988, "feature_14": 0.014136137595733974, "feature_15": 0.058494522470277255, "feature_16": 0.013691018386861075, "feature_17": 0.040383001022187795, "feature_18": 0.038439296231436576, "feature_19": 0.04988069195669603, "feature_20": 0.0707204415081883, "feature_21": 0.014153745643238546, "feature_22": 0.015297400133695627, "feature_23": 0.0841873563268601, "feature_24": 0.014804008221600872, "feature_25": 0.013772923907452042, "feature_26": 0.013236203416467465, "feature_27": 0.016652946085617633, "feature_28": 0.03838631018653554, "feature_29": 0.013184178712011546}