{"feature_0": 0.04365918947158537, "feature_1": 0.018602299183729836, "feature_2": 0.018874675437275383, "feature_3": 0.03394889567935426, "feature_4": 0.05302133444827144, "feature_5": 0.042743417704436355, "feature_6": 0.046426770433273895, "feature_7": 0.03958272167072783, "feature_8": 0.08270924782475843, "feature_9": 0.01852253342662947, "feature_10": 0.036815456880396405, "feature_11": 0.05671673042007655, "feature_12": 0.08539056115045833, "feature_13": 0.06807868820540539, "feature_14": 0.1290922596524807, "feature_15": 0.01988907352775453, "feature_16": 0.03871276513337879, "feature_17": 0.051386355027326254, "feature_18": 0.06154733656739704, "feature_19": 0.05427968815528373}