{"feature_0": 0.03436771711207952, "feature_1": 0.04446464327027864, "feature_2": 0.05919169841823783, "feature_3": 0.04404513039619245, "feature_4": 0.03773125258803459, "feature_5": 0.016751829360927388, "feature_6": 0.01741563421096154, "feature_7": 0.07640069192676271, "feature_8": 0.02959126334413915, "feature_9": 0.04797523574943407, "feature_10": 0.017319070483764538, "feature_11": 0.1190491912268375, "feature_12": 0.03900499089967297, "feature_13": 0.01269145091126928, "feature_14": 0.1252922578975644, "feature_15": 0.07872999393293954, "feature_16": 0.048132971067767094, "feature_17": 0.08494887034833241, "feature_18": 0.05290080068228247, "feature_19": 0.013995306172522003}