{"feature_0": 0.04897897781989425, "feature_1": 0.018777091120125374, "feature_2": 0.04381347288315556, "feature_3": 0.018272452838201128, "feature_4": 0.08459019872988177, "feature_5": 0.01981967204852547, "feature_6": 0.07435098869341873, "feature_7": 0.02101283067014813, "feature_8": 0.01874757086199907, "feature_9": 0.01809740825912335, "feature_10": 0.09258039396831648, "feature_11": 0.049788014218133926, "feature_12": 0.04874682033378169, "feature_13": 0.0779966826207924, "feature_14": 0.0221220007336866, "feature_15": 0.022128645736673325, "feature_16": 0.08684577451917477, "feature_17": 0.08387720153213143, "feature_18": 0.05719225593200464, "feature_19": 0.0922615464808319}