{"feature_0": 0.036014490977891875, "feature_1": 0.047728076482257305, "feature_2": 0.05813665834894673, "feature_3": 0.04358395143612243, "feature_4": 0.040297601962531376, "feature_5": 0.018284679024739056, "feature_6": 0.01670405422010671, "feature_7": 0.07345185150073048, "feature_8": 0.03261234530854253, "feature_9": 0.04800330699899208, "feature_10": 0.018382922762551917, "feature_11": 0.11770378352630229, "feature_12": 0.03921286048009524, "feature_13": 0.013841999376996053, "feature_14": 0.11912373023019543, "feature_15": 0.07710720997820274, "feature_16": 0.046886089856485944, "feature_17": 0.0854291677765645, "feature_18": 0.052842824906113584, "feature_19": 0.014652394845631637}