{"feature_0": 0.009397958778668005, "feature_1": 0.01474126075691582, "feature_2": 0.03169328673574877, "feature_3": 0.0527878703189811, "feature_4": 0.10110413037185421, "feature_5": 0.010862224943786013, "feature_6": 0.061413836763017995, "feature_7": 0.010735263235827774, "feature_8": 0.011177585380787326, "feature_9": 0.01156363435825553, "feature_10": 0.010824311039995869, "feature_11": 0.028504467979974264, "feature_12": 0.10654305306300053, "feature_13": 0.010124427748897633, "feature_14": 0.12583878604016097, "feature_15": 0.03027708262249825, "feature_16": 0.011001927334518845, "feature_17": 0.018922949234552598, "feature_18": 0.03470844140075933, "feature_19": 0.040941463363732986, "feature_20": 0.009828507108307382, "feature_21": 0.040952273008534074, "feature_22": 0.047518134095823755, "feature_23": 0.0389797173412353, "feature_24": 0.039552585097919035, "feature_25": 0.009813616677593983, "feature_26": 0.01180072808335023, "feature_27": 0.045487574032444154, "feature_28": 0.01294124062794131, "feature_29": 0.009961662454916862}