{"feature_0": 0.04571699683155907, "feature_1": 0.01743691305821986, "feature_2": 0.017536947425984214, "feature_3": 0.033180082610361, "feature_4": 0.05802169508153391, "feature_5": 0.04322509249830061, "feature_6": 0.044146426551913275, "feature_7": 0.042131615997404476, "feature_8": 0.08687401376496343, "feature_9": 0.016965505032999498, "feature_10": 0.03436639702247105, "feature_11": 0.05353536828220453, "feature_12": 0.08473164990434023, "feature_13": 0.06064562101888401, "feature_14": 0.13866448061198675, "feature_15": 0.01771424173717663, "feature_16": 0.041243614117981664, "feature_17": 0.04954378254499777, "feature_18": 0.0593354248093544, "feature_19": 0.05498413109736368}