{"feature_0": 0.00976099294244646, "feature_1": 0.013120548865446004, "feature_2": 0.013433508704174844, "feature_3": 0.052660369921892665, "feature_4": 0.013469921335569077, "feature_5": 0.06274840607026909, "feature_6": 0.014233511506072405, "feature_7": 0.014999645851570915, "feature_8": 0.027408507926606488, "feature_9": 0.04382412968992906, "feature_10": 0.04056954779271347, "feature_11": 0.034326161687879685, "feature_12": 0.020228552262062723, "feature_13": 0.014267184592481576, "feature_14": 0.02373474654149515, "feature_15": 0.039434545779129505, "feature_16": 0.034834435850651685, "feature_17": 0.040582096219665555, "feature_18": 0.0320446503988917, "feature_19": 0.053245353019076444, "feature_20": 0.016084841742019455, "feature_21": 0.02972100341507329, "feature_22": 0.029907881730692264, "feature_23": 0.023572256912065884, "feature_24": 0.05577320515936656, "feature_25": 0.08380767845571482, "feature_26": 0.10974854875811618, "feature_27": 0.014134576932142153, "feature_28": 0.012012937120331881, "feature_29": 0.02631025281645295}