{"feature_0": 0.018787055405593826, "feature_1": 0.07633080218478878, "feature_2": 0.04018306957506925, "feature_3": 0.04847492091376878, "feature_4": 0.020549669749398796, "feature_5": 0.10196503056159652, "feature_6": 0.05002338497640973, "feature_7": 0.08857033915467008, "feature_8": 0.05636639755464379, "feature_9": 0.046536924859681666, "feature_10": 0.06663857095218341, "feature_11": 0.033077724808956106, "feature_12": 0.0508089350286163, "feature_13": 0.05626568965686115, "feature_14": 0.04813256503061633, "feature_15": 0.02111667672663017, "feature_16": 0.041946135494986, "feature_17": 0.05604556940762974, "feature_18": 0.05607528727460878, "feature_19": 0.022105250683290917}