{"feature_0": 0.046599225374934806, "feature_1": 0.017713663380031955, "feature_2": 0.01921806016249117, "feature_3": 0.03450542077276777, "feature_4": 0.05507612101190439, "feature_5": 0.04521417729723609, "feature_6": 0.04157190983913065, "feature_7": 0.03737810089495476, "feature_8": 0.08647771968158338, "feature_9": 0.01667952300923798, "feature_10": 0.03378857868952872, "feature_11": 0.0508973295888906, "feature_12": 0.0937434442143559, "feature_13": 0.06707250906175566, "feature_14": 0.13000088502931134, "feature_15": 0.019652002549423866, "feature_16": 0.03887259257412803, "feature_17": 0.04971267302835919, "feature_18": 0.06000071542539189, "feature_19": 0.055825348414581755}