{"feature_0": 0.032482381949231684, "feature_1": 0.02586567755534687, "feature_2": 0.11851171308599823, "feature_3": 0.04663763531727083, "feature_4": 0.07084663511821873, "feature_5": 0.03950550754486222, "feature_6": 0.03995271874238301, "feature_7": 0.10797905354670236, "feature_8": 0.024591368055345304, "feature_9": 0.04250762598833423, "feature_10": 0.06688480027018433, "feature_11": 0.07378429509176328, "feature_12": 0.03525781061853143, "feature_13": 0.10691427155951488, "feature_14": 0.0282997537233676, "feature_15": 0.027149796128621353, "feature_16": 0.022910267550866177, "feature_17": 0.02661562097663746, "feature_18": 0.03281936603345289, "feature_19": 0.03048370114336694}