{"feature_0": 0.01726178982050459, "feature_1": 0.07195477893380806, "feature_2": 0.01698090805049067, "feature_3": 0.02147692866298266, "feature_4": 0.06778935591342798, "feature_5": 0.018533025084162557, "feature_6": 0.017324267013211853, "feature_7": 0.017262702984231323, "feature_8": 0.07205987361291094, "feature_9": 0.039561965455452194, "feature_10": 0.01690468444299229, "feature_11": 0.0759235592248834, "feature_12": 0.01811323304324936, "feature_13": 0.02054791391618898, "feature_14": 0.01692299978511926, "feature_15": 0.05765876955301787, "feature_16": 0.01736775379537965, "feature_17": 0.03911635225013331, "feature_18": 0.03922355969515351, "feature_19": 0.04696295634210827, "feature_20": 0.05719657197197098, "feature_21": 0.016302149592308066, "feature_22": 0.01917069638336234, "feature_23": 0.06921470517781583, "feature_24": 0.018726139653764615, "feature_25": 0.01781266897778312, "feature_26": 0.019235619449369544, "feature_27": 0.020640049936647434, "feature_28": 0.038142238285056466, "feature_29": 0.01461178299251285}