{"feature_0": 0.00856551625561975, "feature_1": 0.014124184062664398, "feature_2": 0.013178187372808592, "feature_3": 0.05251166024676545, "feature_4": 0.014655161687395082, "feature_5": 0.0683158642183428, "feature_6": 0.013755910992069997, "feature_7": 0.015594929061782252, "feature_8": 0.02934053176396236, "feature_9": 0.04060281480836775, "feature_10": 0.04026948305684187, "feature_11": 0.034705415719807994, "feature_12": 0.02279654763792228, "feature_13": 0.01393069626388576, "feature_14": 0.023007195063388594, "feature_15": 0.036717191456526854, "feature_16": 0.036174031492208464, "feature_17": 0.04097370541255749, "feature_18": 0.031006756557973296, "feature_19": 0.05301437808896599, "feature_20": 0.01649122622603722, "feature_21": 0.029409270268541093, "feature_22": 0.03257976496167342, "feature_23": 0.025712034780089512, "feature_24": 0.049021567120519034, "feature_25": 0.0785845504739524, "feature_26": 0.11133432249188926, "feature_27": 0.013433769841582528, "feature_28": 0.013051256385883248, "feature_29": 0.02714207622997524}