{"feature_0": 0.0088668999813568, "feature_1": 0.014123277990143719, "feature_2": 0.03430632789338526, "feature_3": 0.05179536967544795, "feature_4": 0.09737833410954067, "feature_5": 0.010397392993272471, "feature_6": 0.06319766136239191, "feature_7": 0.010698329067572529, "feature_8": 0.010694010142864634, "feature_9": 0.010708490791577003, "feature_10": 0.010394626306558323, "feature_11": 0.026978920563194387, "feature_12": 0.10713309084361922, "feature_13": 0.009640390378880676, "feature_14": 0.1281964969084713, "feature_15": 0.031072707694775863, "feature_16": 0.010845728779315288, "feature_17": 0.020302483817012846, "feature_18": 0.03850347286619049, "feature_19": 0.04007635265023395, "feature_20": 0.010262215718699428, "feature_21": 0.03716695179869305, "feature_22": 0.04761578641829753, "feature_23": 0.04170679389557235, "feature_24": 0.03873032723782634, "feature_25": 0.009341942586800022, "feature_26": 0.012062207594759662, "feature_27": 0.04475355231779578, "feature_28": 0.0136871766383636, "feature_29": 0.009362680977387147}