{"feature_0": 0.014895610908980873, "feature_1": 0.08581573274377632, "feature_2": 0.04127312177219961, "feature_3": 0.04516917147000224, "feature_4": 0.015665676644181347, "feature_5": 0.11145758052425148, "feature_6": 0.05378924414440111, "feature_7": 0.0968638311787563, "feature_8": 0.05543311520388397, "feature_9": 0.045746529963652846, "feature_10": 0.06394561749004019, "feature_11": 0.031300870601310454, "feature_12": 0.049110888589296194, "feature_13": 0.05546878334510041, "feature_14": 0.045584845113169487, "feature_15": 0.01752982346748573, "feature_16": 0.04264379824365583, "feature_17": 0.05365460043886377, "feature_18": 0.05831715047130535, "feature_19": 0.01633400768568652}