{"feature_0": 0.009816286663236395, "feature_1": 0.009890496390161055, "feature_2": 0.009502457932541465, "feature_3": 0.03547527326820055, "feature_4": 0.053045613107375794, "feature_5": 0.04798544734343753, "feature_6": 0.04076666625135013, "feature_7": 0.032414343047566706, "feature_8": 0.0710625544807654, "feature_9": 0.023769110078362802, "feature_10": 0.009579763803531701, "feature_11": 0.11271975143655251, "feature_12": 0.028754962036838732, "feature_13": 0.02771484106284334, "feature_14": 0.046625668737343, "feature_15": 0.03635995497164964, "feature_16": 0.026153581645459813, "feature_17": 0.07227409201279698, "feature_18": 0.029943671059057094, "feature_19": 0.03986809897493634, "feature_20": 0.010998295393877738, "feature_21": 0.056508344649619124, "feature_22": 0.011470029709856482, "feature_23": 0.010701501153936794, "feature_24": 0.03441564300696795, "feature_25": 0.009226003107552835, "feature_26": 0.008732852468172332, "feature_27": 0.009698193107489409, "feature_28": 0.025125992631157872, "feature_29": 0.059400510467362284}