{"feature_0": 0.019253226017907004, "feature_1": 0.04699934378361234, "feature_2": 0.04007020215965014, "feature_3": 0.01501268268836678, "feature_4": 0.09454786058856329, "feature_5": 0.016588471258391312, "feature_6": 0.0818446115432623, "feature_7": 0.01624902818576423, "feature_8": 0.03967507849536902, "feature_9": 0.017014029114561156, "feature_10": 0.016430035553577513, "feature_11": 0.016316470122136634, "feature_12": 0.04358201017592843, "feature_13": 0.0355627985421327, "feature_14": 0.08111191376569077, "feature_15": 0.015083076109848756, "feature_16": 0.05361154627952406, "feature_17": 0.023290255851604973, "feature_18": 0.01736564092238856, "feature_19": 0.018742483745457394, "feature_20": 0.040134336062080264, "feature_21": 0.016573419861314668, "feature_22": 0.014985519107912501, "feature_23": 0.01798394065711742, "feature_24": 0.06093970166695335, "feature_25": 0.01997447340312539, "feature_26": 0.014299320427883792, "feature_27": 0.02119999152381563, "feature_28": 0.06836768909066535, "feature_29": 0.017190843295394127}